Plasma.cells	T.cells.CD8	T.cells.regulatory..Tregs.	T.cells.gamma.delta	Monocytes	Eosinophils	Neutrophils	CD4.T.Cell	Dendritic	Macrophages	NK.Cells	Mast.Cells	B.Cells
ABCB4	7.23	4.31	7.83	9.31	6.2	15.03	14.91	6.6325	59.755	52.3133333333333	9.12	19.42	283.225
ABCB9	653.39	24.22	46.07	19.72	20.31	29.79	33.68	30.445	73.685	42.0066666666667	19.13	38.545	18.845
ACAP1	38.62	1055.61	1995.48	280.08	190.88	696.44	596.03	1040.2325	43.9	34.3333333333333	450.11	88.905	268.465
ACHE	22.12	13.43	24.65	33.66	16.38	40.41	22.77	18.47	104.94	478.45	15.045	17.225	15.885
ACP5	1120.1	306.31	958.92	493.97	512.93	860.56	307.14	565.745	8907.46	7446.87	290.05	293.44	1270.55
ADAM28	324.78	22.69	74.77	24.37	58.31	546.01	128.69	25.195	45.255	230.096666666667	144.01	127.365	1545.93
ADAMDEC1	127.97	44.62	156.71	231.83	106.3	175.17	185.51	56.92	974.725	5997.75	58.34	1149.975	344.755
ADAMTS3	74.34	42.39	76.28	65.27	54.8	100.74	124.36	56.3625	46.465	37.0833333333333	41.13	528.205	126.125
ADRB2	289.8	899.65	217.06	2378.45	664.88	1969.03	735.66	228.09	129.27	431.276666666667	2159.005	3758.275	498.21
AIF1	21.97	742.82	29.37	1086.96	8655.68	51.18	6260.64	203.0925	1656.28	5020.93	64.45	1761.875	22.195
AIM2	1429.67	294.48	315.65	407.59	536.11	117.51	794.21	1183.76	542	1098.71	110.865	77.8	2433.475
ALOX15	9.07	9.77	22.38	14.45	9.8	355.25	30.07	12.24	1468.835	147.456666666667	19.98	10.895	12.99
ALOX5	190.33	78.68	143.01	441.56	1979.3	1460.76	2917.27	75.2575	95.795	373.403333333333	139.52	616.035	2112.68
AMPD1	3012.77	66.11	79.26	114.05	98.23	118.5	173.78	69.1	74.925	66.2966666666667	59.91	65.825	240.755
ANGPT4	230.68	44.68	29.47	29.26	16.92	14.81	34.72	66.895	14.955	24.12	17.78	32.37	22.215
ANKRD55	117.2	141.7	123.88	176.24	126.11	1068.3	415.24	861.715	120.795	89.45	85.925	128.765	251.665
APOBEC3A	99.59	64.36	36.39	723.14	2415.2	1137.48	5584.33	72.285	1372.595	1578.39333333333	192.765	52.635	96.015
APOBEC3G	2034.56	2090.85	979.72	5415.05	865.74	306.31	464.44	1151.035	798.405	524.686666666667	7605.035	477.16	1209.37
APOL3	754.87	1209.12	993.46	1173.27	1000.83	107.81	106.42	1009.11	540.53	3895.14	1087.765	181.45	376.515
APOL6	7.83	8.45	13.37	9.72	11.82	5.95	19.07	21.275	84.335	329.513333333333	191.63	15.665	14.46
AQP9	15.66	13.68	64.26	188.87	2044.03	128.82	13705.69	15.2175	1293.775	3097.43666666667	53.025	1226.41	18.225
ARHGAP22	23.83	45.01	32.57	12.49	54.81	81.64	20.41	33.8375	1652.75	266.68	54.915	49.65	41.475
ARRB1	18.99	19.09	7.9	15.11	440.24	26.07	32.75	21.3475	37.885	558.323333333333	98.195	37.88	15.565
ASGR1	42.61	12.19	19.56	304.79	976.71	40.39	75.07	9.355	54.95	96.4833333333333	13.035	60.45	41.685
ASGR2	33.91	29.78	113.23	167.1	1484.96	51.18	49.9	36.1325	36.13	274.406666666667	29.71	22.26	32.085
ATHL1	782.07	806.1	250.52	216.98	183.28	329.5	1241.01	2031.405	28.74	117.463333333333	423.815	66.42	451.87
ATP8B4	83.73	69.79	58.63	106.47	219.34	386.19	95.7	54.325	375.285	434.223333333333	824.31	1951.545	105.21
ATXN8OS	131.45	12.11	16.78	24.89	10.42	19.44	15.56	12.42	11.36	11.9133333333333	9.875	15.39	18.305
AZU1	54.51	75.49	11.81	32.59	96.5	114.3	82.37	21.885	61.325	177.11	265.26	817.295	31.7
BACH2	145.92	716.58	444.69	597.15	52.11	187.93	132.76	640.095	70.835	65.1133333333333	494.61	73.625	2839.655
BANK1	108.77	27.09	33.47	55.76	86.59	993.03	39.19	24.7475	34.32	17.4066666666667	35.095	86.18	8405.66
BARX2	15.03	14.68	400.09	134.59	18.16	65.61	61.56	15.61	22.205	20.26	22.56	37.255	19.445
BCL11B	149.82	4183.74	2748.11	2581.69	88.03	306.99	166.89	4042.23	86.14	65.71	665.245	53.01	150.145
BCL2A1	76.39	575.04	171.06	431.97	2261.39	13257.93	8790.33	778.4825	2843.42	4264.98666666667	533.27	2080.19	213.33
BCL7A	201.81	119.27	182.58	53.79	53.34	79.75	121.29	79.875	246.56	124.296666666667	45.865	173.425	767.61
BEND5	197.85	159.68	28.02	56.18	57.98	82.17	102.16	97.5675	72.715	58.59	55.93	58.71	419.47
BFSP1	9.83	19.66	14.53	111.39	21.38	13.22	19.09	52.6775	15.8	27.81	27.03	41.85	10.355
BHLHE41	981.11	45.27	114.52	88.63	42.85	54.16	77.68	33.1975	440.085	1974.78	51.56	254.925	303.265
BIRC3	363.82	370.93	2449.37	238.92	159.95	1582.23	132.85	1272.6675	5498.155	813.126666666667	728.825	1011.41	1417.28
BLK	42.04	136.39	9.58	20.71	34.13	38.7	9.86	46.8625	16.015	13.92	11.16	9.36	2536.33
BMP2K	104.85	117.77	77.32	118.82	350.59	900.24	588.9	130.5925	524.07	650.273333333333	112.12	2647.87	249.37
BPI	15.25	64.14	10.78	19.44	280	390.59	60.8	18.8475	14.195	19.17	501.63	901.68	12.25
BRAF	492.07	178.69	593.32	441.03	264.88	925.52	721.28	134.265	295.075	291.236666666667	277.95	227.66	1773.055
BRSK2	34.32	10.46	14.76	61.62	11.76	8.25	11.86	29.835	18.155	9.75666666666667	17.745	30.86	7.455
BST1	33.77	68.86	44.3	322.46	1567.22	10.16	1750.23	82.795	134.13	224.59	118.775	435.835	66.405
BTNL8	9.87	13.5	35.15	44.09	20.11	99.58	1062.58	19.625	17.71	18.3566666666667	12.635	14.905	14.245
C11orf80	2192.71	162.58	92.03	149.35	85.67	157.07	101.66	131.4875	122.815	74.0533333333333	120.75	145.25	462.81
C1orf54	113.1	244.03	51.32	125.68	395.02	422.55	49.31	194.465	2954.405	1537.41	117.885	291.245	43.01
C3AR1	235.87	218.07	521.3	667.74	1337.37	9437.29	746.04	129.6	569.185	2600.68333333333	613.445	4726.44	114.39
C5AR1	25.37	71.3	42.31	422.4	4237.56	2647.73	12587.17	28.7275	1042.955	2391.15666666667	253.065	646.895	78.635
C5AR2	15.11	5.51	46.59	21.24	56.84	286.02	383.27	20.43	21.73	39.1	32.16	22.22	12.35
CA8	16.87	13.32	43.54	62.32	14.01	15.51	25.59	62.9775	21.865	19.08	14.315	108.425	18.27
CAMP	52.13	76.15	33.09	40.19	126.18	529.46	1507.37	101.07	68.175	124.82	892.8	199.19	30.96
CASP5	7.49	20.72	117.85	13.79	120.18	59.2	483.5	18.2	36.975	200.073333333333	46.155	39.75	20.82
CCDC102B	6.18	17.72	5.82	17.09	5.67	30.76	6.42	7.6125	77.625	70.4066666666667	12.285	21.72	6.845
CCL1	10.06	10.78	9.1	11.25	11.12	9.88	9.41	15.21	188.335	11.97	20.57	636.925	9.785
CCL13	101.36	120.95	75.51	72.34	87.09	121.98	105.32	59.705	4615.645	2310.21333333333	95.845	388.45	183.39
CCL14	153.55	71.06	152.04	152.99	105.07	119.01	248.32	58.42	227.84	1286.09666666667	70.265	123.81	64.47
CCL17	82.15	78.5	393.93	59.77	67.76	91.93	34.29	64.5375	4478.16	263.486666666667	56.89	36.285	50.61
CCL18	56.61	35.32	20.57	109.49	40.68	47.82	49.53	37.415	1723.875	5468.97333333333	59.325	676.945	20.815
CCL19	258.1	77.62	34.99	21.18	115.55	152.8	117.26	59.1425	1609.86	10935.1066666667	128.19	28.6	109.13
CCL20	13.72	61.54	12.37	18.13	18.85	31.13	22.44	448.325	762.15	249.573333333333	19.38	2743.705	33.25
CCL22	19.85	24.04	560.18	23.02	33.12	94.52	59.93	29.9525	17536.71	1316.54666666667	51.945	69.22	38.7
CCL23	53.41	15.32	70.66	22.99	37.99	534.2	58.69	16.6925	349.66	2121.75666666667	54.25	603.915	18.165
CCL4	307.81	2564.29	481.28	8310.15	3000.89	6568.92	2680.05	3065.3075	3177.545	5664.22	25073.415	18236.595	1239.47
CCL5	30.33	11434.95	171	19080.91	102.84	300.44	133.36	1313.3075	3283.25	5737.71666666667	14491.6	353.14	53.905
CCL7	58.11	54.3	55.47	74.5	36.21	108.07	97.34	40.765	48.595	326.06	27.435	547.09	63.25
CCL8	105.74	35.05	77.9	105.87	126.77	24.19	94.61	54.82	804.465	2505.64333333333	49.335	696.315	163.185
CCND2	677.71	682.21	1118.95	330.8	196.78	449.45	314.07	1089.015	368.28	189.476666666667	3541.075	401.895	373.325
CCR10	773.82	130.74	54.44	50.76	68.91	139.36	97.54	128.8875	65.515	64.8133333333333	65.94	61.99	72.655
CCR2	1710.33	312.62	258.9	1151.15	2908.73	213.99	243.23	303.53	116.445	92.75	94.565	89.42	390.03
CCR3	52.48	51.22	260.97	37.5	83.4	6575.5	1435.21	43.7825	74.895	59.41	104.64	52.805	83.085
CCR5	46.82	992.04	503.02	2444.18	489.99	130.09	85.86	372.86	1070.085	1490.86333333333	1002.125	204.96	95.885
CCR6	40.64	173.09	101.99	262.86	29.59	34.98	45.63	215.535	36.11	24.4933333333333	84.69	29.66	329.29
CCR7	202.93	5074.2	6339.95	490.81	165.24	647.96	376.16	4056.4525	7256.845	5939.61666666667	577.455	73.955	2875.19
CD160	129.56	1145.35	249.12	3283.21	93.86	170.01	231.94	118.2825	75.41	64.7866666666667	1594.015	79.84	363.98
CD180	1123.32	78.78	179.22	131.4	576.45	108.19	110.54	48.2675	100.89	1036.36	34	58.45	1875.03
CD19	1743.47	132.24	217.55	147.79	164.9	393.17	257.9	106.525	142.165	117.3	94.445	125.89	6305.815
CD1A	504	208.39	511.82	265.3	312.02	260.61	419.79	155.745	8043.73	180.96	149.23	142.765	1056.475
CD1B	343.69	55.68	52.94	252.42	198.28	118.1	356.88	70.4675	9159.565	124.75	131.245	141.465	844.745
CD1C	31.3	44.14	16.85	50.88	526.83	24.64	258.21	89.06	5262.99	73.4033333333333	33.5	33.89	2124.18
CD1D	201.53	16.92	52.42	288.63	2785.25	51.54	136.92	23.9925	71.07	153.976666666667	16.815	46.95	329.935
CD1E	49.27	52.56	75.83	32.87	91.11	49.64	41.45	57.93	5124.91	67.22	43.895	50.86	51.605
CD2	377.87	8182.95	11226.7	5897.39	222.36	614.91	576.83	9876.38	167.29	150.236666666667	4672.69	235.605	414.51
CD209	23.37	21.61	154.82	116.69	84.17	91.62	130.88	40.4675	1344.77	1088.15666666667	37.235	120.15	47.77
CD22	19.03	37.47	127.57	80.61	31.15	104.76	72.32	48.465	95.81	145.93	37.23	246.825	2548.39
CD244	28.83	623.69	85.18	1115.51	828.43	2465.48	51.87	97.5475	21.12	55.12	1763.155	71.82	49.11
CD247	65.55	5508.53	9743.99	9129.43	35.27	459.13	59.84	4954.07	38.085	44.2333333333333	15603.875	116.94	38.68
CD27	7350.59	5506.31	6979.73	2288.25	136.41	468.5	300.1	3766.875	118.575	121.576666666667	161.9	106.69	2263.705
CD28	145.76	527.4	1614.2	524.15	79.15	89.18	177.54	1261.5875	76.705	111.323333333333	74.87	68.8	177.29
CD300A	103.71	738.03	84.1	2268.61	2187.81	2406.93	4130.86	177.225	42.84	879.88	5004.625	926.595	54.325
CD33	29.48	21.34	55.45	146.46	1494.4	36.39	36.74	14.0075	373.59	397.336666666667	13.765	841.095	21.045
CD37	802.22	4472.43	4831.81	1823.24	4508.11	1908.23	3204.57	2938.31	253.685	1377.10666666667	1847.535	944.215	12428.955
CD38	12117.95	318.88	696.51	224.01	237.7	298.7	400.49	534.9	1718.705	4247.60666666667	1142.745	1090.81	624.105
CD3D	88.38	14396.86	12721.07	11894.35	79.18	795.03	251	13326.0975	119.375	37.5133333333333	247.36	26.995	138.81
CD3E	1163.25	5787.18	5302.45	1748.88	225.28	425.86	809.11	3942.255	235.83	178.746666666667	401.915	136.995	994.985
CD3G	31.36	3348.56	1298.02	1121.52	31.97	114.99	160.09	2372.97	34.03	23.18	185.18	18.765	71.795
CD4	351.02	164.95	5524.68	399.54	3343.91	163.64	364.56	3073.52	1020.925	4077.33333333333	78.525	250.825	128.405
CD40	838.39	203.06	338.66	269.4	298.57	204.06	275.59	146.8975	3270.855	4918.94666666667	184.485	263.88	1410.81
CD40LG	34.66	186.49	31.05	449.77	24.75	36.43	51.3	696.635	18.525	29.44	40.78	18.58	58.6
CD5	459.33	947.66	3513.78	508.25	312.93	296.94	223.73	1304.7775	265.095	244.196666666667	242.465	200.8	347.485
CD6	295.07	1720.14	2092.36	342.4	90.97	329.73	155.63	2113.665	93.505	106.926666666667	486.11	41.84	83.605
CD68	9.18	51.11	23.84	97.23	806.3	45.6	36.2	23.7025	912.795	1741.65666666667	53.875	199.28	5.85
CD69	131.15	3798.41	539.39	4572.32	66.1	6363.15	436.42	4259.8225	54.385	39.8266666666667	3626.485	962.515	6642.01
CD7	18.02	2234.71	7917.98	415.83	20.48	48.57	25.19	1736.135	24.54	36.6666666666667	1886.76	16.11	16.455
CD70	528.13	247.62	1999.95	301.43	189.66	280.44	309.34	246.34	434.56	214.76	206.555	160.54	471.29
CD72	8.36	18.81	37.65	11.48	9.1	13.38	9.27	19.3025	16.165	47.6733333333333	44.185	11.11	814.03
CD79A	3860.54	425.45	424.12	196.77	174.97	511.41	261.96	219.97	164.275	98.99	144.345	90.35	10976.935
CD79B	900.57	229.23	863.47	277.81	158.8	209.74	232.56	310.6625	66.875	70.4833333333333	309.37	50.11	5347.515
CD80	367.15	73.53	392.75	196.6	148.43	109.74	132.64	124.9025	2561.335	1387.25666666667	151.225	148.99	238.215
CD86	309.42	108.89	176.42	341.35	1398.4	107.88	161.51	62.6275	3110.08	1666.88	98.955	182.695	477.3
CD8A	44.21	9990.74	80.7	1127.95	203.58	176.35	623.23	130.475	170.055	81.7833333333333	1075	94.96	456.295
CD8B	22.19	3697.96	12.44	108.7	14.49	33.01	31.43	72.76	13.85	11.3533333333333	18.385	10.46	20.045
CD96	83.88	1718.97	2933.32	3005.01	35.7	433.03	90.84	932.905	53.525	44.8266666666667	1878.775	72.98	161.245
CDA	18.84	10.07	11.58	167.18	1040.42	346.48	3592.43	11.28	189.725	128.21	53.145	85.085	7.865
CDC25A	18.5	9.9	29.62	25.28	14.75	14.87	17.78	70.22	13.785	18.5833333333333	77.78	51.04	13.83
CDH12	6.99	7.91	130.56	197.45	9.44	62.33	24.73	11.5375	28.19	11.44	18.405	61.545	14.39
CDHR1	8.22	32.7	7.93	130.62	10.5	8.51	27.6	37.3025	7.75	14.2966666666667	133.3	15.14	18.53
CDK6	15.94	65.14	69.54	24.46	21.07	64.39	19.41	48.835	71.63	17.68	158.32	31.04	26.875
CEACAM3	104.89	69.09	133.4	120.64	242.1	132.06	2096.53	56.7275	178.84	131.176666666667	149.745	176.405	65.13
CEACAM8	22.74	143.83	39.36	15.78	6.65	235.27	149.87	30.27	16.62	10.2866666666667	559.085	2110.12	82.405
CEMP1	5.78	9.52	210.08	135.66	12.42	54.49	30.29	32.2025	6.92	25.73	36.085	25.765	27.455
CFP	5.38	14.39	47.26	471.13	3702.5	14.58	2060.18	110.505	229.4	739.143333333333	20.485	131.37	4.61
CHI3L1	10.08	13.16	19.89	16.32	12.17	89.33	3791.33	10.64	281.9	4802.11666666667	202.2	556.92	9.575
CHI3L2	320.51	362.88	515.35	404.14	200.99	317.47	356.91	1477.835	197.34	707.58	246.13	160.045	509.93
CHST15	2248.88	37.37	82.84	339.13	3334.89	1106.19	4602.16	43.4475	208.77	869.143333333333	32.47	1008.24	377.755
CHST7	105.35	26.29	78.75	56.03	291.06	27.24	793.15	268.36	1639.545	362.256666666667	26.435	260.135	16.19
CLC	158.27	91.39	38.52	337.91	86.57	26617.24	4605.25	102.09	100.52	156.13	373.925	3508.09	290.41
CLCA3P	11.95	10.28	10.45	25.68	2.69	18.89	6.91	4.7425	1.535	3.76666666666667	3.025	5.705	21.235
CLEC10A	67.39	80.05	123.35	154.09	481.43	35.23	145.63	59.42	2637.735	1999.71	58.895	128.755	102.87
CLEC2D	134.55	1510.85	2808.69	332.24	93.13	92.59	68.78	1680.22	1034.335	577.456666666667	661.815	43.315	803.93
CLEC4A	19.48	43.67	75.55	326.22	2802.25	234.91	2814.38	54.4575	2384.31	2644.18666666667	52.635	434.9	187.95
CLEC7A	58.64	86.04	94.17	628.34	6165.95	159.53	5247.49	295.8875	3269.135	2371.65333333333	116.26	982.27	145.435
CLIC2	116.24	6.34	6.36	14.63	103.56	8.45	10.42	7.235	3741.965	1354.53	27.54	22.41	7.935
CMA1	75.64	25.23	40.09	77.4	58.77	164.68	48.26	48.7025	48.95	58.75	55.175	1500.54	73.035
COL8A2	23.49	60.53	122.18	76.6	275.87	90	186.42	64.68	119.23	473.04	78.245	64.905	104.335
COLQ	23.55	152.77	163.75	410.26	33.83	27.51	40.46	71.675	25.895	79.7266666666667	378.795	44.28	28.125
CPA3	431.89	147.7	145.53	271.51	135.15	1091.42	522.6	160.8475	140.96	197.993333333333	383.135	25309.64	720.085
CR2	139.91	245.27	25.46	22.26	35.16	122.08	33.06	99.085	33.82	40.8033333333333	44.84	16.52	1015.45
CREB5	32.02	12.41	9.37	15.69	360.91	15.16	1385.32	17.8275	242.5	31.28	13.73	23.65	27.765
CRISP3	6.51	3.24	647.79	34.45	5.03	75.79	15.94	6.8	5.655	9.17333333333333	102.885	86.86	21.965
CRTAM	54.06	1443.48	47.77	829.67	212.04	78.33	83.96	281.5125	141.3	294.986666666667	457.01	60.855	60.5
CRYBB1	16.77	8.79	10.55	7.62	9.4	9.5	9.88	12.3325	8.91	62.9333333333333	8.685	27.585	8.835
CSF1	14.63	22.99	159.73	39.12	24.57	73.59	22.53	78.4875	103.055	248.763333333333	23.105	45.03	21.965
CSF2	43.37	24.42	16.26	62.27	27.09	20.96	19.6	343.2575	36.045	21.2133333333333	394.295	876.315	21.245
CSF3R	22.73	24.39	85.44	338.84	2331.95	248.4	9175.36	51.9575	79.865	604.18	80.435	199.18	64.69
CST7	14.02	5181.6	1323.23	12102.64	63.67	616.21	2347.73	684.06	2774.94	244.75	10847.23	2386.48	25.52
CTLA4	12.4	19.09	4077.45	22.98	18.62	62.02	38.69	1193.5375	14.485	13.6466666666667	14.86	16.44	15.72
CTSG	205.38	113.4	224.97	156.87	88.13	137.18	185.01	81.88	55.99	98.35	207.195	5556.99	226.235
CTSW	16.32	4894.22	12.83	4144	16.94	41.79	20.49	372.02	16.055	18.5966666666667	8896.095	195.97	15.385
CXCL10	246.24	157.23	256.62	488.55	500.93	332.72	486.97	232.7275	5733.055	10571.74	856.01	213.365	578.515
CXCL11	44.79	22.77	42.51	42.35	38.42	33.87	74.22	24.115	1988.81	3035.37	105.925	30.81	81.025
CXCL13	17.25	22.36	13.5	7.58	10.32	11.11	29.79	2468.6125	16.82	218.813333333333	13.08	18.33	36.475
CXCL3	56.45	26.71	136.62	45.91	175.88	44	75.77	25.3975	119.03	667.133333333333	23.8	4043.195	50.69
CXCL5	43.37	18.42	73.86	78.89	32.93	29.26	69.61	23.215	212.395	1817.87666666667	27.075	335.66	88.605
CXCL9	268.4	125.84	159.22	220.91	265.08	193.92	403.05	158	1549.4	13103.9866666667	388.64	111.66	517.895
CXCR1	146.68	214.68	216.89	691.73	82.78	239.48	5613.08	180.655	64.825	62.1666666666667	466.555	265.88	223.82
CXCR2	20.85	73.62	62.58	341.36	408.35	442.76	17610.41	11.1975	112.635	117.916666666667	621.585	91.51	19.705
CXCR5	10.15	32.71	32.49	31.94	14.61	55.86	19.29	731.705	22.225	81.3566666666667	15.58	16.31	333.735
CXCR6	129.42	239.58	914.31	1037.8	89.88	86.73	166.6	402.5525	77.655	61.7133333333333	157.22	55.66	140.945
CXorf57	10.63	102.17	12.5	284.27	8.02	73.87	12.16	128.6875	6.425	9.48	66	7	29.355
CYP27A1	40.81	35.12	55.9	88.2	761.6	71.58	52.97	39.3225	1388.85	3120.19	33.665	792.215	29.05
CYP27B1	544.74	123.39	451.16	198.92	96.65	179.38	291.09	129.4125	1228.265	2663.48333333333	106.86	160.14	616.345
DACH1	7.02	6.07	16.75	14.25	63.04	232.94	80.62	10.475	5.72	6.56	26.49	21.125	7.36
DAPK2	24.63	36.78	71.83	55.81	50.37	1104.77	494.76	32.575	54.24	49.37	70.585	193.415	51.575
DCSTAMP	134.08	45.95	60.5	77.67	100.4	145.25	90.66	45.8825	776.215	1206.09	62.275	188.245	29.08
DEFA4	213.24	580.41	42.81	290.23	108.49	885.32	453.71	142.41	91.85	74.77	1689.14	210.5	313.82
DENND5B	338.59	4.94	35.5	5.93	5.02	9.44	11.07	5.575	20.665	19.7066666666667	16.845	9.5	65.23
DEPDC5	30.01	42.11	91.69	53.65	40.18	572.55	27.34	102.2225	72.115	151.696666666667	108.895	71.175	28.225
DGKA	200.62	2223.02	2953.65	550.27	300.95	429.6	314.18	2615.665	217.3	185.003333333333	347.27	138.9	443.49
DHRS11	70.17	88.62	59.33	34.77	46.96	27.38	54.33	93.355	694.815	175.93	73.585	69.735	61.77
DHX58	12.84	67.98	85.15	19.02	66.43	18.06	20.1	107.585	786.055	549.95	78.18	24.62	15.37
DPEP2	11.18	469.03	341.72	496.45	1471.48	4131.56	4347.72	547.05	270.305	847.56	329.115	144.75	577.415
DPP4	15.78	686.99	866.6	383.71	19.66	18.57	19.58	661.7575	75.005	75.3466666666667	217.515	47.27	18.01
DSC1	44.79	408.66	23.33	82.6	18.85	71.07	42.13	205.3675	30.155	11.1066666666667	22.52	35.11	65.145
DUSP2	32.34	4083.94	319.74	4596.06	404.9	1013.32	88.77	1734.015	414.505	439.856666666667	401.065	399.285	76.285
EAF2	4989.76	219.02	208.08	181.16	683.96	742.53	240.85	210.3675	349.445	282.186666666667	191.06	400.805	2600.76
EBI3	8.9	12.21	164.02	8.37	12.49	9.5	11.63	39.33	3256.53	6920.69666666667	13.435	71.965	13.72
EFNA5	8.93	12.03	240.34	77.73	16.87	81.94	38.59	57.96	27.69	45.2533333333333	36.825	36.005	7.275
EGR2	54.47	35.4	131.12	151.24	466.59	1430.72	198.08	959.73	2826.44	2039.40666666667	743.575	1100.095	110.29
ELANE	9.33	103.49	16.2	18.5	28.96	119.94	31.88	10.485	12.855	108.253333333333	451.11	4483.855	9.98
EMR1	194.39	195.9	335.84	447.97	1815.51	16330.71	1253.61	331.0075	208.05	1378.63666666667	268.3	267.775	441.035
EMR2	67.17	43.06	96.27	165.1	1319.42	3871.76	3956.25	58.31	610.3	975.216666666667	130.835	1193.86	126.015
EMR3	135.33	104.17	112.6	136.76	379.62	4792.73	3015.99	95.4675	18.575	19.37	64.375	254.075	89.755
EPB41	15.21	235.34	45.48	9.64	25.1	104.63	16.47	182.1675	45.56	28.2166666666667	101.375	8.435	44.495
EPHA1	52.03	400.05	43.93	61.83	63.8	56.74	71.42	287.4825	59.75	47.5466666666667	127.495	38.925	46.9
EPN2	109.43	31.51	17.85	62.36	32.44	554.81	51.26	66.5875	45.355	28.48	29.98	57.115	44.565
ETS1	410.32	613.49	1031.18	99.67	85.67	230.76	243.61	1038.27	118.16	100.716666666667	727.995	151.715	890.56
ETV3	103.1	49.08	21.62	14.31	40.96	60.82	40.76	132.375	1066.115	49.5266666666667	35.61	20.165	37.42
FAIM3	254.09	5723.98	4680.73	1866.75	117.87	488.45	735.04	5625.4875	98.18	175.376666666667	1513.66	51.915	9776.85
FAM124B	18.92	14.05	13.18	10.76	29.16	96.55	19.73	17.505	13.94	17.0833333333333	19.11	299.985	18.54
FAM174B	82.29	94.17	160.62	69.87	39.85	73.79	103.01	124.285	41.835	59.9533333333333	39.06	628.53	105.095
FAM198B	9.14	4.53	20.58	54.28	515.25	58.16	8.88	14.5525	304.63	318.126666666667	17.015	41.635	13.12
FAM212B	115.15	23.01	98.45	31.96	95.87	113.71	569.93	31.53	15.905	25.22	17.135	70.32	49.21
FAM65B	237.59	3376.09	910.89	2376.66	2428.86	2755.05	8329.2	2046.1	131.25	124.246666666667	1141.625	179.145	4993.72
FASLG	188.94	169.22	171.5	600.26	108.38	115.71	250.19	222.665	85.86	89.1466666666667	1877.885	137.815	308.725
FBXL8	15.06	91.19	99.56	47.43	43.11	4.6	8.58	121.525	61.505	92.4866666666667	22.71	7.045	5.615
FCER1A	88.82	111.3	73.23	286.9	622.21	2525.84	106.9	73.4925	1151.83	301.366666666667	133.555	4332.865	93.57
FCER2	26.37	8.63	30.97	9.77	12.67	31.53	11.25	14.44	601.215	192.07	12.96	14.9	600.25
FCGR2B	2656.04	65.97	127.11	121.01	287.64	645.93	1302.13	51.86	833.215	950.74	150.715	1118.68	3961.885
FCGR3B	121.11	178.2	203.85	446.25	402.45	321.05	27546.97	91.4575	141.86	188.69	432.21	207.04	313.315
FCN1	109.93	130.08	122.27	5094.71	29800.42	168.36	5370.36	105.82	121.34	767.003333333333	293.52	523.08	126.73
FCRL2	714.64	73.72	24.53	157.28	47.66	82.34	116.18	54.025	49.78	28.3	51.67	36.71	3925.845
FES	10.34	9.52	8.5	97.1	826.54	389.55	534.58	7.2875	178.07	348.266666666667	235.34	99.43	8.61
FFAR2	20.16	11.78	28.27	24.46	101.06	1048.09	4025.76	14.935	17.13	191.126666666667	43.705	82.855	14.19
FLJ13197	16.11	167.32	30.51	30.26	15.25	76.46	11.66	108.04	9.32	11.2233333333333	92.01	19.47	90.575
FLT3LG	33.24	1267.03	644.61	222.02	69.28	156.4	26.36	1126.185	40.54	32.4733333333333	297.09	35.185	41.285
FLVCR2	45.35	83.37	217.18	144.81	566.97	75.81	108.46	183.74	1686.955	1360.99666666667	114.295	232.84	77.885
FOSB	2911.32	41.65	24.99	37.54	3422.45	7325.61	80.15	1581.67	37.33	25.0033333333333	31.99	368.695	221.71
FOXP3	41.25	65.15	2001.92	103.97	76.15	140.8	164.67	236.3375	63.655	99.23	44.285	46.385	114.76
FPR1	343.92	210.2	222.46	911.95	9800.63	3809.53	27644.59	202.935	251.735	697.116666666667	350.315	688.93	374.29
FPR2	101.11	54.92	97.93	168.84	964.24	150.79	3797.4	49.64	55.7	184.233333333333	78.6	269.795	195.185
FPR3	84.16	105.81	153.05	196.94	203.42	211.11	277.41	110.5925	4972.68	1990.08666666667	103.68	264.065	284.665
FRK	59.6	26.39	6.59	57.57	7.43	6.42	61.17	6.5675	15.74	5.92333333333333	5.175	4.105	131.83
FRMD4A	17.18	49.32	38.99	23.15	52.74	76.09	21.62	88.8775	143.23	504.043333333333	44.68	50.935	65.69
FRMD8	80.2	28.97	1019.52	70.75	247.25	132.15	172.26	158.305	266.06	189.513333333333	205.995	82.82	174.055
FZD2	25.2	13.87	14.55	68.18	455.29	40.47	16.4	12.6475	534.05	428.333333333333	16.565	190.775	25.485
FZD3	181.16	50.27	63.61	59.01	39.71	28	73.01	180.345	51.095	86.44	34.135	63.545	129.96
GAL3ST4	48.68	335.59	169.49	50.31	44.1	310.53	77.37	389.995	99.295	88.58	36.04	148.805	71.24
GALR1	5.9	3.91	4.84	18.64	4.18	15.44	6.07	14.5175	2.985	5.43666666666667	3.965	11.235	3.505
GFI1	40.29	293.64	587.51	337.37	19.38	40.28	41.44	360.7225	43.79	26.77	451.55	871.74	26.42
GGT5	16.63	13	6.91	14.8	11.13	99.7	16.79	13.88	17.3	236.203333333333	15.315	33.765	10.3
GIPR	5.57	10.91	32.75	67.58	8.51	110.91	10.05	16.4125	9.93	20.8766666666667	12.59	21.285	8.475
GNG7	2218.05	133.55	214.28	51.82	112.45	197.77	455.41	85.825	129.15	140.13	56.77	142.8	1131.16
GNLY	19.25	3732.54	24.37	8201.57	19.95	24.53	118.26	394.845	21.91	17.5766666666667	22497.975	22.27	11.77
GPC4	105.52	43.02	60.96	92.1	56.14	31.55	111.27	62.795	123.865	476.303333333333	60.035	75.94	100.05
GPR1	2.49	1.56	52.08	15	5.25	1.87	4.06	15.8	2.005	0.826666666666667	9.555	24.88	3.965
GPR171	13.87	924.37	6933.01	4853.06	14.68	1086.27	30.67	1197.485	289.815	30.7933333333333	742.105	65.27	28.245
GPR18	15.29	1037.07	215.75	840.84	109.67	266	156.31	968.2475	27.89	43.12	1615	46.1	2439.425
GPR183	296.61	630.53	454.37	475.94	196.98	5121.17	144.07	1774.29	1191.64	1514.46666666667	208.92	549.555	1291.99
GPR19	78.07	40.61	397.86	29.77	19.81	237.97	49.99	213.805	17.305	13.7433333333333	54.005	16.685	31.555
GPR25	141.07	28.72	41.74	10.93	14.05	18.26	16.91	45.8875	8.23	16.7566666666667	16.305	19.33	16.86
GPR65	162.81	1518.57	608.45	2511.23	1473.16	8034.4	2530.2	793.6825	381.285	653.11	2137.785	1604.425	498.92
GPR97	207.65	104.94	136.01	96.94	71.26	4581.7	2246.98	82.4575	128.965	109.37	356.64	361.17	147.92
GRAP2	11.63	280.92	189.81	166.77	11.83	13.68	10.86	235.34	9.045	15.1866666666667	254.01	187.51	13.815
GSTT1	12.11	18.64	24.67	14.73	17.31	40.41	23	38.9675	349.445	218.046666666667	15.85	370.61	9.725
GUSBP11	30254.07	521.34	268.27	15.07	43.52	371.58	277.76	298.9175	9.33	102.576666666667	205.045	37.32	9218.05
GYPE	35.67	26.88	75.99	61.89	6.63	8.02	14.24	5.8625	6.88	9.11666666666667	20.33	6.495	50.06
GZMA	91.85	6301.84	318.19	14188.1	132.04	150.59	334.87	1445.0425	110.995	91.0433333333333	18020.385	59.17	211.075
GZMB	62.72	2080.7	53.65	6018.58	61.72	226.97	154.33	5542.28	56.43	135.733333333333	19256.1	3273.815	85.29
GZMH	41.25	8555.82	79.31	10428.45	36.9	52.48	41.86	438.1775	22.055	18.53	9654.42	18.795	27.66
GZMK	100.81	8814.39	51.85	15903.7	67.14	151.25	421.21	1363.89	80.725	67.0933333333333	1100.43	57.17	231.11
GZMM	12.31	1048.99	644.04	893.78	13.21	137.53	65.83	914.7225	15.53	19.07	3193.84	21.255	11.385
HAL	108.91	84.18	79.74	191.5	877.18	192.07	3105.1	190.9575	64.45	89.9933333333333	97.86	110.89	344.365
HCK	130.58	106.46	75.09	737.41	7368	3730.86	7443.16	78.295	4071.48	5511.51	287.935	725.535	381.455
HDC	310.12	123.86	91.91	90.33	129.55	1119.9	150.61	60.7825	129.595	162.51	175.58	9344.44	162.91
HESX1	9.07	7.05	37.85	7.64	8.37	10.4	7.28	7.47	543.28	810.633333333333	8.82	8.92	6.34
HHEX	93.43	139.04	55.91	263.62	1914.14	999.37	946.26	88.985	511.87	374.046666666667	224.37	977.07	3631.665
HIC1	6.8	8.16	88.09	11.45	7.02	12.83	7.48	9.615	9.875	8.41	28.75	8.495	4.59
HIST1H2AE	277.72	29.91	64.89	15.85	8.28	79.29	22.12	49.435	29.62	7.41	10.525	23.15	28.545
HIST1H2BG	689.65	78.32	117.01	72.05	23.39	62.63	45.19	140.89	88.1	10.1233333333333	39.795	39.615	29.87
HK3	13.3	21.81	19.81	140.7	3103.14	1199.69	1255.81	18.8625	693.92	1301.55333333333	127.46	136.07	11.195
HLA-DOB	4287.54	212.28	117.05	44.16	102.18	227.84	96.89	66.1425	1022.115	554.813333333333	209.37	56.11	5720.055
HLA-DQA1	161.72	173.41	621.25	356.73	275.35	68.23	218.21	121.4675	7064.785	3423.27333333333	217.07	290.15	1160.945
HMGB3P30	36.51	42.8	359.74	101.61	27.2	69.9	76.91	25.625	50.29	44.0133333333333	50.435	26.34	30.93
HNMT	28.55	19.62	24.6	79.57	815.43	25.91	29.96	15.685	457.64	628.356666666667	20.245	127.125	58.61
HOXA1	9.66	12.86	11.4	14.52	10.69	8.71	17.62	12.53	9.92	9.89333333333333	10.69	605.34	11.57
HPGDS	125.95	83.72	219.69	118.98	36.75	256.52	219.13	104.9475	160.28	147.776666666667	163.01	19752.03	214.17
HPSE	32.75	55.35	157.55	302.93	1285.83	39.28	973.4	267.19	29.265	599.186666666667	42.43	134.3	30.19
HRH1	161.48	75.97	108.96	212.43	72.17	81.42	227.87	122.685	165.4	852.67	48.275	117.89	186
HSPA6	17.75	106.72	358.15	78.7	641.21	727.07	3303.08	97.625	42.945	123.256666666667	234.435	99.125	109.47
HTR2B	26.41	22.71	26.44	77.04	13.85	8.28	7.45	7.765	201.285	84.94	18.965	28.79	9.64
ICA1	209.39	134.25	216.27	194.64	183.26	165.69	309.38	754.7175	197.285	183.223333333333	134.5	208.92	153.37
ICOS	6.15	194.19	738.97	36.42	5.36	14	6.2	2838.4225	6.43	9.38333333333333	17.54	5.23	7.435
IDO1	345.56	241.33	91.28	183.59	269.47	1389.42	527.41	221.0575	10334.215	8967.89666666667	669.415	186.37	276.76
IFI44L	52.99	84.26	3323.9	492.79	307.85	165.21	74.98	106.445	2015.405	2338.01666666667	306.855	88.665	30.94
IFNA10	31.21	12.57	155.24	10.46	13.1	11.35	20.78	13.225	15.205	9.01333333333333	10.865	26.885	110.965
IFNG	137.39	249.08	174.27	269.39	108.15	157.02	187.16	1700.6825	84.315	90.8533333333333	1911.295	89.75	200.665
IGHD	21173.53	62.35	28.37	27.11	50.43	257.51	79.26	77.095	67.535	82.9433333333333	27.135	31.32	6668.945
IGHE	4949.62	15.63	18.58	28.08	25.29	62.79	45.89	43.9725	25.595	17.18	17.45	46.46	46.045
IGHM	31273.68	361.74	593.86	226.08	127.04	834	98.13	645.1175	42.84	30.4366666666667	148.585	55.84	18105.505
IGKC	36524.44	3097.47	351.68	2059.74	318.07	1108.47	120	231.7575	143.76	161.623333333333	222.985	131.815	28709.295
IGLL3P	42851.28	217.47	551.7	36.19	70.04	80.28	83.43	51.5525	150.665	101.943333333333	48.12	46.715	7797.98
IGSF6	65.02	27.1	56.76	137.8	2662.14	246.69	4222.73	38.1175	2455.65	2666.06666666667	87.35	261.485	58.235
IL12B	56.97	41.94	43.48	84.12	42.43	68.62	127.55	51.9325	1240.515	191.763333333333	71.24	55.245	97.44
IL12RB2	13.07	95.12	219.44	386.71	20.5	11.69	14.17	246.1825	12.34	25.99	1062.535	35.41	15.89
IL17A	13.2	7.02	11.19	18.33	7.93	8.06	39.55	94.09	8.105	8.42	8.8	16.135	27.89
IL18R1	34.9	197.57	512.49	1022.47	19.5	1494.97	516.09	209.1675	22.375	20.0266666666667	956.945	1831.525	44.485
IL18RAP	22.92	541.61	113.07	4488.26	92.02	1797.7	2653.49	207.1075	88.59	52.4566666666667	5952.215	300.875	54.28
IL1A	101.48	65.82	47.71	104	61.11	2009.8	204.89	97.0025	247.72	248.226666666667	78.865	1523.44	160.92
IL1B	198.79	144.22	284.09	352.16	1257.18	1137.89	3099.35	198.1925	1609.485	746.8	245.815	10526.52	436.53
IL1RL1	109.84	34.56	60.41	98.28	37.42	971.17	102.91	63.5825	72.3	89.1566666666667	95.215	1018.01	130.805
IL21	161.72	59.42	42.06	88	103.57	93.39	201.1	475.76	70.32	61.9666666666667	53.36	78.075	322.905
IL26	26.27	7.41	20.82	10.74	3.42	4.78	4.56	101.9	4.445	3.73	6.415	20.525	6.87
IL2RA	79.81	85.82	3823.56	31.18	25.41	133.81	31.22	1402.545	1133.425	1381.40666666667	335.1	251.635	183.645
IL2RB	848.69	4000.22	12662.48	10958.77	321.96	381.19	1044.85	4662.285	306.51	229.833333333333	18608.505	392.285	2031.99
IL3	13.81	9.16	37.29	5.98	11.53	112.54	12.25	430.89	11.415	9.04	21.2	209.825	16.36
IL4	39.12	13.17	31.87	32.63	8.87	52.57	34.59	92.985	9.415	7.92	10.935	8.715	19.46
IL4R	291.13	884.66	3102.32	913.59	1192.22	1117.61	2809.1	1138.1425	1752.115	1636.16333333333	1230.6	3879.635	6446.48
IL5	9.69	18.71	86.17	34.7	11.48	22.82	13.26	58.6175	19.25	26.2533333333333	10.99	165.13	9.115
IL5RA	197.23	42.95	103.2	118.43	41.02	713.16	256.06	41.585	53.725	33.9733333333333	44.975	130.105	111.915
IL7	40.09	41.58	43.16	27.39	51.39	18.13	14.89	50.67	106.195	102.063333333333	25.495	40.31	431.185
IL7R	126.1	15195.17	507.16	2118.83	163.31	358.08	742.67	10657.6525	4977.915	2442.41666666667	750.485	181.145	366.135
IL9	16.74	43.07	15.37	47.46	15.75	56.79	24.33	1673.2625	33.035	20.55	38.825	9.86	51.385
IRF8	218.31	350.35	196.62	992.36	2458.71	519.99	281.07	355.805	2225.31	5847.67666666667	2110.125	581.335	8696.24
ITK	192.22	6471.89	7176.36	5787.06	124.1	654.7	380.47	7561.315	134.13	92.17	3519.34	1214.035	439.38
KCNA3	1214.68	573.91	74.99	440.65	143.55	120.51	65.04	507.2875	23.77	84.49	494.28	15.91	358.835
KCNG2	203.72	18.15	7.93	7.28	18.84	26.7	11.71	11.405	15.94	23.29	16.875	19.865	17.075
KIAA0226L	147.38	41.7	87.29	97.05	176.4	435.45	2046.3	56.1425	52.62	342.246666666667	42.35	99.315	6238.455
KIAA0754	4.82	23.12	56.17	60.23	44.79	85.4	7.87	42.3325	6.3	193.463333333333	150.655	31.165	8.52
KIR2DL1	4.49	8.02	24.55	24.18	5.12	7.45	12.34	7.3625	5.775	7.29	407.115	28.275	6.285
KIR2DL4	326.57	122.22	119.61	247.04	128.82	187.15	282.81	84.4675	131.3	158.276666666667	1147.745	107.105	287.19
KIR2DS4	512.46	280.16	189.83	544.82	129.08	121.45	344.85	112.8475	122.075	104.39	2095.19	141.205	529.425
KIR3DL2	7.6	22.06	30.03	214.49	11.39	13.64	20.02	11.6275	10.14	17.1333333333333	837.605	15.96	11.415
KIRREL	28.13	34.23	171.47	30.43	13.64	34.1	15.74	18.345	12.81	23.86	15.175	30.955	14.62
KLRB1	39.37	8818.27	1260	12634.61	90.25	276.44	322.62	3830.5575	65.9	24.5333333333333	9267.055	54.815	180.45
KLRC3	9.1	724.78	47.21	586.94	12.59	34.5	8.77	15.765	14.065	10.1466666666667	1074.065	11.745	29.23
KLRC4	24.47	218.18	33.76	124.8	20.05	4.9	44.46	24.5775	7.885	16.15	162.585	13.2	76.665
KLRD1	244.55	1670.27	60	3580.07	81.02	58.5	195.37	147.1625	75.37	63.9	6737.04	58.97	187.11
KLRF1	112.86	851.19	8.54	4962.36	100.11	107.03	121.91	49.8075	70.09	99.9966666666667	8193.5	64.59	175.88
KLRG1	482.77	3859.15	373.32	4631.81	305.45	448.57	605.39	741.5325	237.14	223.956666666667	1306.565	1311.76	1213.76
KLRK1	77.84	8228.46	44.32	5199.52	78.92	441.42	246.44	201.0975	59.235	48.3933333333333	7122.615	83.005	475.37
KRT18P50	87.82	23.81	73.21	162.09	58.21	163.04	68.39	29.0425	30.845	32.44	20.335	16.535	26.06
KYNU	97.42	45.95	128.33	117.09	858.75	62.48	100.11	32.6725	4641.09	3488.34666666667	68.39	229.875	434.78
LAG3	10.15	521.32	656.82	884.94	7.92	5.07	8.17	619.4675	118.015	510.713333333333	81.675	17.545	22.515
LAIR2	166.96	1078.39	3022.38	1320.82	103	376.25	260.85	224.8325	87.245	127.39	1617.18	100.075	331.33
LAMP3	128.43	134.78	264.04	132.2	38.76	540.57	320.92	203.86	12185.225	5848.70666666667	314.77	106.005	46.975
LAT	111.42	3224.98	3200.7	2738.32	239.58	405.7	209.65	4720.0575	212.01	316.15	1492.415	3108.115	145.28
LCK	40.81	8763.86	6736.74	4299.61	80.76	245.23	186.87	7588.9475	50.705	37.7733333333333	3206.365	27.375	332.275
LEF1	56.48	1204.84	364.87	144.34	12.54	107.15	31.28	1191.935	14.23	13.0533333333333	115.52	19.41	29.7
LHCGR	59.4	9.9	139.09	126.93	11.47	51.25	82.92	11.9375	20.98	25.61	23.89	26.995	175.035
LILRA2	13.24	20.16	11.59	151.85	1764.82	283.33	2439.78	18.4075	101.44	463.316666666667	70.085	120.495	20.425
LILRA3	5.58	9.02	40.72	19.25	880.46	81.14	117.46	11.7925	211.005	393.716666666667	16.24	27.915	6.97
LILRA4	65.09	24.78	500.19	40.02	65.69	15.63	63.11	25.8525	32.67	58.5033333333333	18.81	11.765	72.365
LILRB2	15.57	25.57	61.9	357.62	3344.12	1013.35	2905.94	9.545	270.99	2174.58	118.905	331.405	29.5
LIME1	1021.39	1287.73	383.17	666.81	78.16	52.57	79.54	798.6125	45.47	42.2366666666667	114.47	74.665	33.87
LINC00597	7.21	6.84	12.93	65.42	23.19	142.38	20.71	25.45	6.97	75.0933333333333	100.37	191.36	17.155
LINC00921	145.6	132.81	71.62	70.88	69.04	427.59	287.71	78.22	26.25	45.2533333333333	93.36	56.44	451.355
LOC100130100	7525.22	23.05	12.24	17.14	16.14	15.57	17.23	17.065	15.735	14.7666666666667	12.53	15.935	24.3
LOC126987	195.69	72.45	749.8	23.77	68.19	72.26	91.27	80.5975	88.625	90.2633333333333	81.5	38.92	119.555
LRMP	1042.75	631.91	135.97	613.08	1048.68	6331.43	3231.63	844.42	325.29	322.53	841.105	674.23	2527.215
LST1	39.95	520.38	71.3	1394.2	5975.19	4186.04	9953.02	191.235	2318.845	2240.37	482.14	1433.485	25.46
LTA	12.6	21.17	138.3	13.28	12.52	26.32	16.84	919.545	13.71	47.2033333333333	1452.525	15.375	11.85
LTB	106.63	9829.72	17485.21	3372.61	321.36	2136.99	5458.25	10059.8925	148.305	134.87	8936.04	311.585	11234.795
LTC4S	66.33	132.36	13.49	117.93	91.88	595.92	114.19	79.5325	145.675	279.23	130.42	1096.02	43.535
LY86	815.01	382.95	379.34	1584.31	5218.06	654.47	691.79	245.665	1299.155	3158.32333333333	233.6	259.27	7355.975
LY9	552.03	1310.96	199.26	1132.32	30	71.61	59.94	1045.0525	53.49	104.86	150.24	39.805	448.45
MAGEA11	33.7	20.73	78.55	84.09	5.93	54.72	18.06	25.4625	9.795	6.84	14.945	17.33	27.365
MAK	15.06	8.15	9.96	22.08	24.81	356.32	1120.13	19.505	33.92	52.9066666666667	13.215	43.085	20.2
MAN1A1	4141.04	239.42	242.05	294.36	205.53	169.35	662.11	233.5225	405.59	523.406666666667	345.325	580.675	277.775
MANEA	658.34	52.69	33.24	24.98	67.1	4.45	3.05	135.2325	120.785	106.323333333333	102.57	60.63	10.52
MAP3K13	10.46	7.38	9.24	6.5	7.05	7.77	7.99	6.93	101.855	17.3866666666667	6.735	5.825	5.02
MAP4K1	201.46	1721.22	2031.18	1550.1	317.97	272.97	35.18	2332.3025	41.045	141.326666666667	599.38	336.02	486.055
MAP4K2	8.43	17.71	32.12	10.78	12.04	10.83	12.24	66.72	11.255	11.9	10.78	9.47	11.64
MAP9	8.29	93.4	22.31	3.35	1.42	8.74	2.74	60.425	2.67	2.77333333333333	40.675	2.8	11.69
3-Mar	286.09	78.88	205.26	85.77	103.57	1152.38	205.08	113.22	131.655	186.833333333333	192.415	2279.41	438.46
MARCO	14.47	14.46	27.26	12.82	236.74	21.06	14.64	21.9425	16.335	861.323333333333	14.925	20.425	9.885
MAST1	845.85	6.64	18.85	8.1	8.49	15.6	23.99	12.1825	7.495	8.33666666666667	9.175	24.81	12.08
MBL2	15.69	2.66	133.63	38.14	4.94	2.33	21.75	8.7175	16.025	8.02	10.24	5.225	77.59
MEFV	14.24	10.3	14.74	44.28	552.71	21.02	871.82	9.9475	10.965	10.5833333333333	17.265	17.17	27.255
MEP1A	222.39	54.18	169.55	136.17	98.26	257.5	165.37	65.4275	254.25	87.96	87.52	61	665.415
MGAM	5.17	3.96	9.15	48.51	159.71	609.18	5009.47	5.49	7.755	8.32333333333333	181.21	186.035	6.675
MICAL3	89.3	100.6	14.43	38.76	15.57	47.68	10.64	92.76	22.155	21.0066666666667	78.98	139.08	324.375
MMP12	163.9	79.27	265.14	233.26	95.85	241.24	296.41	88.605	9960.91	287.94	91.555	1515.79	617.91
MMP25	196.23	211.53	370.1	134.73	446.48	1253.63	4281.64	169.76	846.96	601.056666666667	303.635	164.135	130.91
MMP9	357.97	286.91	396.89	338.89	335.43	635.09	6429.78	359.5	3044.175	19352.6866666667	486.19	6923.48	363.525
MNDA	5.02	50.82	38.29	2157.23	11447.56	3154.58	22598.07	9	3346.6	2831.33666666667	545.845	1716.605	152.79
MROH7	330.05	28.67	19.72	52.91	31.93	37.3	35.65	30.455	28.605	27.0766666666667	21.97	53.49	24.91
MS4A1	396.39	343.92	272.7	505.16	128.63	704.4	274.66	127.7125	93.38	63.5533333333333	185.36	66.19	17782.045
MS4A2	119.2	108.62	67.68	124.42	52.18	321.66	126.26	96.16	84.07	68.99	81.23	3557.215	169.395
MS4A3	61	80.86	36.54	105.02	23.55	1384.1	174.69	26.2925	18.55	22.2733333333333	391.875	1428.62	92.02
MS4A6A	326.35	221.2	453.08	2149.72	8814.8	408.74	1136.62	177.8	1955.555	5612.75	207.265	603.105	859.535
MSC	115.15	78.79	172.58	132.07	47.47	75.28	111.48	100.9125	1209.145	765.156666666667	51.64	106.06	36.725
MXD1	25.96	67.18	94.34	100.62	250.02	1552.58	2389.81	145.2575	132.95	81.83	132.285	39.88	22.595
MYB	123.9	648	735.5	250.06	300.76	3653.92	505.08	872.85	232.22	97.44	425.615	4678.855	331.415
MZB1	20117.66	42.84	65.47	62.52	24.86	52.53	29.8	30.0225	22.81	28.84	23.96	30.14	84.54
NAALADL1	10.56	70.98	48.57	62.47	31.52	15.87	15.89	131.6225	12.49	10.9866666666667	286.49	10.04	13.705
NCF2	194.19	62.34	425.69	1620.91	12280.86	20110.63	17226.82	110.625	7148.62	9300.01666666667	326.115	1287.625	249.32
NCR3	42.58	1756.08	669.22	1859.56	56.95	146.73	223.27	317.5825	59.72	64.26	2350.46	90	472.43
NFE2	11.87	107.36	67.68	79.05	1517.64	272.89	2938.87	36.615	12.185	57.6866666666667	108.615	190.96	6.43
NIPSNAP3B	349.55	128.04	106.13	497.43	89.57	153.99	331.76	86.155	96.91	97.29	128.98	174.85	1161.375
NKG7	7.73	8640.63	18.51	10086.42	34.65	24.26	13.32	435.295	5.76	76.2333333333333	14242.955	501.175	8.665
NLRP3	15.38	15.31	28.04	51.59	636.63	68.37	478.88	23.0875	164.985	130.75	66.75	224.96	21.335
NMBR	242.53	45.64	117.85	183.17	77.86	103.95	201.75	38.2175	49.615	33.68	38.605	17.92	540.515
NME8	3.87	4.66	11.92	34.05	14.83	117.61	10.36	4.2675	16.06	175.34	133.485	40.91	3.98
NOD2	224.31	8.4	42.79	146.63	1302.13	617.72	689.38	99.1975	140.37	1028.57333333333	172.16	19.815	8.56
NOX3	6.67	7.38	5.49	66.25	11.17	6.27	15.13	8.4375	6.86	8.86	7.295	174.445	9.345
NPAS1	27.9	24.54	159.76	12.09	14.38	19.27	23.08	11.9675	15.4	15.0833333333333	12.57	17.92	17.215
NPIPB15	1335.66	315.44	1476.41	908.38	176.78	399.88	1079.51	311.0275	200.155	288.313333333333	259.825	128.22	2212.195
NPL	51.44	84.14	67.98	151.16	856.41	1095.72	2221.13	59.08	1257.925	2147.52666666667	105.77	493.66	17.01
NR4A3	133.94	83.37	462.39	158.62	91.3	4000.43	289.6	173.785	1342.79	249.313333333333	112.05	681.945	141.83
NTN3	21.48	8.67	180.39	39.58	8.73	12.9	14.63	17.65	6.74	11.2433333333333	6.315	4.91	10.865
NTRK1	28.05	10.62	11.27	17.71	11.91	24.84	16.06	17.1925	11.545	8.61666666666667	11.56	759.83	13.655
ORC1	30.47	48.79	27.67	17.57	42.27	139.66	15.7	202.9725	31.885	40.3833333333333	113.845	139.8	32.345
OSM	2.05	3.82	142.65	20.55	4.07	1657.87	188.24	16.2725	7.225	4.33	87.49	11.18	2.38
P2RX1	36.61	180.8	70.45	184.55	686.86	1302.72	1169.4	135.49	109.895	229.846666666667	135.765	2529.53	99.815
P2RX5	2524.75	784.99	725.34	1108.13	175.54	355.9	35.46	1210.5775	36.375	24.9166666666667	500.285	236.68	9420.905
P2RY10	408.38	319.11	931.71	107.44	20.96	1812.07	350.02	365.9375	74.025	16.1633333333333	222.245	43.435	392.74
P2RY13	8.02	7.47	10.2	233.21	2786.28	1447.84	4885.26	7.02	16.99	1186.62333333333	45.37	52.335	22.4
P2RY14	30.7	154.86	102.95	512.62	51.71	9767.66	1604.24	62.28	119.74	293.866666666667	214.935	1839.485	917.455
P2RY2	9.9	14.97	10.12	12.42	172.18	944.41	20.46	14.27	12.64	35.8266666666667	13.37	52.115	12.63
PADI4	16.99	54.81	9.86	140.67	765.87	609.72	834.18	20.6325	28.86	15.37	72.075	128.025	12.79
PAQR5	15.54	14.18	36.94	28.62	14.23	16.34	21.35	17.425	17.425	112.42	14.815	329.65	22.04
PASK	674.84	1441.39	1422.86	232.67	146.71	412.54	260.13	2955.3575	174.2	192.2	225.48	180.315	570.955
PAX7	281.52	23.31	107.2	47.58	38.04	82.86	43.89	35.1475	32.45	21.3766666666667	17.955	31.575	74.435
PBXIP1	803.59	1520.32	3045.59	570.96	253.47	835.09	980.02	1515.49	426.785	229.516666666667	361.475	188.2	658.965
PCDHA5	11.43	15.44	107.68	43.81	10.29	10.27	12.68	19.635	9.845	34.92	10.8	8.425	6.525
PDCD1	105.44	153.86	263.95	208.09	153.26	223.74	277.6	778.315	116.995	127.3	125.49	112.805	114.28
PDCD1LG2	12.21	12.8	75.96	15.67	14.02	72.11	22.63	12.1775	465.08	282.453333333333	17.465	14.21	14.535
PDE6C	1.48	1.93	1.65	6.32	4.56	46.47	2.18	8.975	6.28	3.23	8.645	4.7	2.36
PDK1	1399.42	231.29	486.75	23.37	25.63	571.52	43.65	231.95	59.655	126.69	35.445	26.92	28.84
PGLYRP1	20.11	9.96	12.63	16.08	13.98	752.18	1587.73	15.3175	13.555	13.8366666666667	64.85	250.195	21.125
PIK3IP1	728.37	5245.61	4814.02	1330.85	647.75	780.15	545.65	3055.16	277.41	696.843333333333	762.84	433.825	1797.12
PKD2L2	24.82	18.91	47.38	47.68	13.4	259.95	62.56	23.17	10.2	14.2366666666667	9.45	104.59	8.245
PLA1A	15.16	16.11	16.47	31.59	59.36	53.16	26.04	14.6275	342.575	946.806666666667	18.995	46.185	31.87
PLA2G7	69.94	24.32	108.85	178.74	1290.2	43.52	59.09	31.5375	5396.46	4438.37333333333	61.705	1024.03	89.895
PLCH2	32.27	26.93	981.15	71.66	47.07	102.88	101.45	131.2625	24.825	35.18	142.235	55.51	23.175
PLEKHF1	301.52	884.51	373.29	1042.96	45.53	61.67	50.11	563.8175	37.575	133.15	1248.02	177.185	36.29
PLEKHG3	11.08	293.52	17.75	927.8	417.65	1449.68	1603.25	192.2775	23.55	302.703333333333	586.64	121.23	11.1
PMCH	16.56	7.06	9232.54	19.45	9.49	10.81	13.43	43.9325	10.82	7.43666666666667	8.91	21.18	11.495
PNOC	3031.84	88.68	82.8	192.04	230.85	156.27	269.36	58.8775	83.645	76.5233333333333	71.755	83.94	4227.165
PPBP	166.64	61.67	117.73	476.66	80.47	52.02	564.58	52.1025	151.585	1425.76333333333	27.705	740.145	101.285
PPFIBP1	17.05	40.77	41.79	11.97	24.46	8.54	12.06	24.465	147.675	18.27	15.725	37.325	39.79
PRF1	213.41	8182.52	1643.01	15440.13	142.75	268.37	422.67	1304.9375	85.89	55.67	26664.56	315.79	219.05
PRG2	157.53	126.65	68.53	16.55	117.09	189.27	59.65	111.7225	87.655	220.903333333333	76.765	19970.99	112.075
PRR5L	14.28	302.02	70.07	758.37	109.13	432.93	183.37	125.8275	44.71	73.3666666666667	1093.675	355.05	153.215
PSG2	423.09	157.15	294.24	352.74	170.07	61.88	553.5	126.115	131.265	126.42	142.29	61.685	1388.38
PTGDR	34.61	549.73	36.95	407.86	36.26	137.79	79.2	72.68	31.19	31.0066666666667	1836.23	25.18	80.34
PTGER2	21.5	2260.8	2608.2	2957.93	1154.31	501.02	183.7	1391.7425	705.49	847.966666666667	4376.565	676.25	33.94
PTGIR	30.36	46.51	1296.62	31.98	482.86	26.61	47.11	119.675	680.33	988.84	30.965	155.075	26.865
PTPRCAP	905.82	4378.93	3413.92	1703.23	35.77	351.61	40.98	3391.4925	40.655	25.0833333333333	3454.17	29.35	4074.8
PTPRG	84.33	3.8	154.79	67.02	6.37	2.99	109.63	8.4525	13.585	15.3533333333333	6.995	6.425	101.735
PVRIG	303.25	3978.91	2477.59	4095.75	99.88	164.35	357.65	2262.07	77.025	67.5966666666667	4279.235	52.525	1015.76
QPCT	2273.28	24.04	12.2	22.5	1499.93	38.68	3236.17	23.1825	999.69	1346.32	58.955	241.89	20.69
RAB27B	11.66	25.26	68.22	40.14	6.93	28.81	8.59	23	21.635	16.9666666666667	86.69	778.85	9.165
RALGPS2	112.82	57.03	98.9	85.48	44.86	56.93	109.43	32.1725	38.62	37.5733333333333	43.55	45.825	1451.295
RASA3	13.14	270.98	79.61	68.97	93.34	26.66	19.43	145.0325	14.81	50.5766666666667	139.06	17.235	17.4
RASGRP2	68.81	2427.95	1173.44	997.19	759.98	1547.79	1260.17	1790.7125	98.225	87.9633333333333	810.15	245.455	5523.36
RASGRP3	3254.1	16.23	93.15	16.03	11.44	77	15.89	18.01	1011.79	869.246666666667	17.295	73.71	516.905
RASSF4	15.12	22.98	67.82	20.65	672.1	15.58	33.77	24.545	1569.765	1396.28666666667	187.365	35.22	20.67
RCAN3	41.3	155.03	332.67	28.35	41.68	10.99	5.27	252.1325	68.595	40.42	16.125	20.65	43.665
REN	391.96	30.75	74.05	25.63	31.45	33.52	43.29	48.0925	25.275	28.8566666666667	26.29	69.735	57.52
RENBP	23.15	45.59	33.38	37.66	215.09	306.39	77.09	32.6	159.8	931.723333333333	27.395	147.285	47.65
REPS2	23.92	13.89	22.28	19.44	153.29	735.57	1345.64	14.475	44.76	65.1733333333333	18.865	63.65	34.155
RGS1	742	646.72	1384.65	110.31	64.44	6082.81	111.35	1253.7075	1788.965	131.986666666667	201.275	490.86	213.235
RGS13	269.91	26.92	27.72	60.01	18.74	1591.02	19.83	12.3075	19.375	6.00333333333333	33.105	3383.47	70.88
RNASE2	350.77	216.87	107.05	600.51	3614.28	6527.5	672.19	110.2925	144.49	409.72	446.565	2098.915	175.69
RNASE6	2281.11	17.05	11.37	777.26	4038.45	144.01	2002.13	30.9	4635.98	2636.30666666667	49.48	593.92	1478.455
RPL10L	311.31	321.35	144.44	184.48	95.7	24.82	13.69	355.9875	51.25	60.3333333333333	95.105	161.72	53.19
RPL3P7	1151.46	1290.95	1429.67	649.2	109.46	266.18	142.54	2801.3775	47.64	32.4233333333333	155.89	355.815	228.17
RRP12	546.14	10.83	28.97	9.39	288.35	930.23	274.09	105.145	23.675	41.6966666666667	48.02	100.13	12.695
RRP9	17.55	92.36	21.62	72.64	36.13	45.91	9.95	193.1975	22.865	146.43	119.945	141.995	12.935
RSAD2	215.52	164.1	852.59	390.71	334.99	1070.38	713.36	176.145	3830.635	2398.50666666667	483.575	356.03	213.22
RYR1	61.53	134.68	1289.51	142.58	128.59	75.75	199.92	131.095	111.355	127.03	57.42	35.645	112.235
S100A12	206.61	103.09	93.86	2375.56	11149.65	374.45	8781.77	98.24	135.85	175.006666666667	654.42	1015.34	198.135
S1PR5	7.66	41.05	5.62	13.07	6.79	8.09	9.35	7.6825	7.295	7.62	381.68	9.045	7.515
SAMSN1	574.92	794.82	1973.85	1571.7	1412.29	11409.48	1654.1	1426.555	4788.865	2956.70666666667	2071.585	5343.99	319.495
SCN9A	8.44	5.6	39.75	56.53	6.13	17.76	15.24	13.8175	155.445	68.8066666666667	10.92	84.95	7.515
SEC31B	101.24	423.47	1073.5	58.5	136.55	179.5	40.57	197.6325	34.045	194.586666666667	139.645	219.32	57.94
SELL	376.9	7418.86	5165.45	10585.57	7242.74	3001.39	13724.94	5907.4125	129.64	208.436666666667	3666.075	321.355	9552.32
5-Sep	52.74	13.11	256.75	93.47	16.5	35.94	25.74	38.405	20.095	18.8833333333333	20.95	23.615	14.485
8-Sep	37.65	31.03	33.17	30.2	15.62	24.51	21.78	117.55	27.25	94.09	47.13	342.625	25.3
SERGEF	11.09	63.61	15.82	17.27	20.42	19.5	16.74	124.55	17.95	80.2266666666667	52.88	64.195	13.84
SH2D1A	17.02	1249.21	2057.44	1522.34	18.42	29.31	41.88	1683.4425	22.07	15.42	1070.355	33.06	27.31
SIGLEC1	98.52	81.5	132.29	181.12	279.32	126.37	245.93	62.08	1595.26	3264.93666666667	93.815	165.665	203.85
SIK1	7279.25	1219.2	942.26	393.19	544.81	2371.94	401.55	1497.1875	166.495	183.46	352.975	193.355	5546.075
SIRPG	55.75	1310.14	2278.4	713.82	54.86	81.77	125.14	1403.2225	57.005	50.7	78.115	19.55	101.075
SIT1	424.48	1457.87	4164.94	1324.14	99.64	76.99	286.53	1408.6875	244.64	96.71	111.445	64.1	1132.305
SKA1	3.24	2.22	32.2	20.96	3.2	5.44	2.09	106.1425	3.785	8.85	29.275	24.425	3.84
SKAP1	875.15	2273.26	5831.85	2886.35	155.11	445.02	388.85	2067.4925	160.935	134.61	1775.41	489.67	967.835
SLAMF1	1019.77	496.42	1504.85	720.65	111.91	243.98	260.86	1152.935	463.98	2345.04666666667	114.87	107.81	638.765
SLAMF8	79.43	107.64	37.43	218.21	166.41	111.15	120.65	77.1425	1608.895	1517.99666666667	132.8	313.47	146.12
SLC12A1	9.11	10.78	20.23	37.92	3.34	24.76	8.29	7.13	2.25	3.53666666666667	3.755	11.72	69.215
SLC12A8	52.06	14.92	48.42	7.5	11.99	107.01	13.16	14.765	45.1	171.986666666667	14.11	514.665	7.83
SLC15A3	10.26	18.57	9.87	74.51	1682.54	20.39	1431.04	19.595	4169.395	4771.65	10.125	380.06	105.75
SLC2A6	42.9	43.08	17.54	213.15	623.89	14.41	12.17	14.905	1240.715	2322.13333333333	98.105	540.65	212.895
SLC7A10	110.63	33.2	23.57	14.78	34.31	34.66	50.97	186.065	45.425	37.99	28.11	29.725	75.7
SLCO5A1	82.29	30.07	112.93	35.53	40.69	29.11	131.43	46.0625	549.51	345.43	61.34	20.645	113.43
SMPD3	328.74	70.13	27.35	99.22	35.64	1685.73	246.55	182.5	38.465	75.76	122.125	23.04	105.63
SMPDL3B	6.77	3.73	6.39	9.07	4.66	155.78	6.39	4.815	3.965	4.30333333333333	4.385	5.04	2.875
SOCS1	16.86	160.8	604.66	80.88	20.72	52.27	31.69	367.8975	251.28	1029.25666666667	639.95	54.975	26.12
SP140	1001.79	422.13	659.02	475.96	107.99	654.28	218.17	455.91	144.185	92.69	398.51	40.75	1639.445
SPAG4	3657.84	60.35	50.09	83.88	16.95	52.48	22.84	87.9375	31.225	22.4933333333333	29.595	74.22	20.68
SPIB	128.97	67.02	12.74	98.69	116.39	83.38	272.82	87.14	48.925	508.03	92.59	74.155	4654.37
SPOCK2	433.01	3283.92	4263.98	1757.14	263.01	437.59	594.01	2351.04	209.885	142.17	823.055	192.075	1325.875
SSX1	3.29	7.38	117.07	58.08	5.17	43.12	14.78	19.64	20.805	13.66	1.82	22.47	2.78
ST3GAL6	66.14	7.16	20.23	45.98	357.98	1574.93	466.52	11.8275	825.2	252.62	22.75	726.48	50.495
ST6GALNAC4	2093.52	408.11	799.85	351.6	195.85	134.83	181.69	308.8575	265.88	355.34	233.65	121.62	352.665
ST8SIA1	9.74	75.94	32.77	78.19	8.22	5.02	15.88	827.3725	10.61	7.6	10.415	187.935	47.76
STAP1	983.24	112.06	615.51	68.96	21.16	831.87	48.56	185.9575	84.195	147.463333333333	367.675	2719.38	2748.23
STEAP4	7.82	4.83	71.19	7.88	111.87	25.02	800.57	4.96	26.295	18.04	13.015	38.2	6.385
STXBP6	32.07	16.14	8.59	14.45	12.9	16.29	14.81	18.135	13.51	16.76	11.285	277.895	15.89
TARDBPP1	11.19	20.13	4.88	104.03	9.11	47.62	62.01	47.06	26.41	17.3	22.335	20.825	45.145
TBX21	450.32	1658.32	334.05	1805.13	273.28	242.21	542.16	576.145	211.875	309.683333333333	3760.435	146.18	524.06
TCF7	24.8	3170.4	754.81	910.7	18.66	451.37	55.12	3352.0025	44.11	117.643333333333	283.355	21.97	94.665
TCL1A	493.52	106.74	108.72	106.65	161.46	259.76	261.74	110	106.325	97.0033333333333	91.645	71.535	6440.545
TEC	9.61	11.99	8.92	14.81	16.3	80.58	12.88	10.145	17.895	45.4766666666667	18.34	124.455	11.2
TEP1	6.81	98.36	9.25	9.55	16.11	8.37	12	33.025	30.155	63.6866666666667	136.485	9.655	14.44
TGM5	785.59	47.9	71.19	82.63	64.53	152.16	82.76	40.695	68.325	84.1266666666667	58.765	139.305	66.065
TLR2	115.99	120.53	81.99	438.59	4560.19	118.7	5374.8	129.1275	844.945	2844.50333333333	139.275	1136.01	97.625
TLR7	37.62	8	49.58	84.86	570.65	158.43	20.09	27.91	47.66	515.996666666667	21.34	28.215	76.155
TLR8	19.45	5.7	5.72	91.6	1522.07	7.37	1719.87	14.4025	610.455	1369.63666666667	5.97	14.28	7.145
TMEM156	771.38	168.08	221.73	207.16	23.45	288.55	51.45	219.73	27.06	21.6266666666667	140.42	26.495	575.765
TMEM255A	47.16	38.72	52.65	63.73	66.85	3.96	37.11	12.0825	952.9	270.27	39.78	28.295	54.125
TNFAIP6	141.18	81.29	131.89	147.68	233.44	203.28	3460.95	68.4275	4536.22	6621.04666666667	134.795	1269.48	263.905
TNFRSF10C	27.82	27.04	33.97	39.13	237.91	288.98	3919.77	37.485	51.45	55.43	28.825	80.925	36.85
TNFRSF11A	28.04	9.86	930.53	87.7	17.84	12.25	67.76	22.2825	494.805	169.703333333333	77.345	52.73	41.2
TNFRSF13B	1292.53	181.96	379.55	372.42	188.01	290.79	342.78	187.18	176.79	190.513333333333	197.285	175.475	1000.475
TNFRSF17	7744.02	13.82	41.18	10.04	10.11	20.99	9.35	8.4	14.055	11.1733333333333	10.71	6.88	135.105
TNFRSF4	142.83	18.71	2852.97	21.35	17.77	25.15	28.19	930.5725	924.835	641.456666666667	446.795	212.175	14.925
TNFSF14	9.56	92.32	258.14	17.77	35.07	291.78	614.12	171.145	13.32	324.386666666667	1206.46	39.98	9.9
TNIP3	12.33	70.5	48.15	43.91	14.52	41.53	15.74	199.87	35.3	483.746666666667	15.065	74.465	23
TPSAB1	151.73	376.04	28.79	262.64	543.63	918.51	1033.13	239.1325	397.375	364.163333333333	388.48	28452.19	948.51
TRAC	215.83	13721.46	19538.5	3189.24	208.98	880.09	790.01	14609.7975	235.78	182.056666666667	660.865	173.37	789.43
TRAF4	103.83	27.42	48.57	40.01	28.3	80.71	48.24	119.83	34.95	25.7233333333333	62.58	175.845	322.59
TRAT1	17.4	816.74	448.3	1435.57	6.85	193.05	10.38	1987.39	19.975	7.97666666666667	33.285	34.565	14.785
TRAV12-2	9.56	225.38	9.54	11.61	10.63	11.6	15.47	74.6675	12.28	9.77333333333333	10.435	8.355	12.67
TRAV13-1	40.56	463.2	138.69	76.99	29.72	29.26	75	634.395	34.34	24.51	35.38	50.95	80.61
TRAV13-2	68.66	369.28	191.41	38.55	56.86	55.63	88.05	408.455	54.18	41.9766666666667	50	29.885	69.94
TRAV21	125.13	439.36	2763.36	49.08	51.32	196.24	88.25	450.9375	34.945	36.89	51.26	75.765	92.57
TRAV8-6	18.81	244.11	676.14	22.67	34.39	23.44	65.39	331.495	23.47	19.2366666666667	16.85	29.69	23.35
TRAV9-2	39.21	220.37	1958.9	114	47.78	102.81	130.92	629.0375	30.645	22.8233333333333	39.13	26.765	75.915
TRBC1	525.05	8923.92	19876.21	5338.32	78.94	551.51	181.01	10638.0175	167.42	137.143333333333	3666.55	81.235	753.09
TRDC	101.07	3014.58	124.65	17980.35	61.02	165.85	162.12	480.125	38.53	25.57	11089.61	228.185	84.665
TREM1	211.1	102.29	66.5	574.87	1775.19	377.96	8433.29	89.2725	270.215	327.756666666667	87.81	485.555	325.935
TREM2	19.32	16.19	101.07	14.2	24.24	16.04	24.65	14.885	3472.505	2106.16	14.245	501.49	14.505
TREML2	42.36	23.1	59.69	35.88	40.73	577.25	1082.74	44.8575	30.035	30.6533333333333	89.175	70.43	45.695
TRIB2	262.8	1138.06	839.93	754.16	123.03	311.65	155.9	2705.495	191.015	81.9333333333333	1178.65	1672.03	1381.77
TRPM4	63.72	7.8	6.76	8.49	18.36	22.69	10.22	12.145	31.715	166.763333333333	7.57	16.43	6.945
TRPM6	64.55	25.77	19.95	59.15	35.7	515.18	220.43	36.17	27.635	22.1833333333333	26.555	19.305	40.775
TSHR	95.35	11.65	11.89	15.29	14.29	17.61	18.38	67.2525	21.215	10.95	16.455	15.285	18.54
TTC38	39.65	374.21	43.29	427.66	105.65	155.21	47.06	93.5375	119.625	286.113333333333	1778.3	414.505	24.94
TXK	85.82	676.06	166.37	319.04	62.97	201.22	173.97	548.21	83.78	101.736666666667	1790.045	187.46	252.575
TYR	15.08	10.63	1778.51	304.55	14.07	13.14	150.83	71.435	22.52	31.0466666666667	61.59	123.62	15.365
UBASH3A	8.09	876.38	1376.32	319.09	6.11	59.14	10.1	1007.705	5.26	7.33	7.285	15.82	11.415
UGT1A8	163.9	82.14	450.37	462.51	91.51	97.15	336.42	104.2	70.04	68.8933333333333	81.725	61.45	575.86
UGT2B17	309.88	3.98	8.4	10.14	7.24	9	8.79	5.7525	7.965	7.18666666666667	5.61	5.445	21.08
UPK3A	17.26	10.98	20.93	16.62	215.87	25.63	18.54	14.47	12.85	8.85	10.42	13.075	14.9
VILL	53.86	434.22	38.86	209.25	97.78	23.66	20.88	417.875	21.03	159.463333333333	127.69	120.32	32.055
VNN1	16.71	12.27	50.6	119.89	1024.7	64.49	894.86	13.0025	98.095	352.553333333333	44.835	54.385	22.44
VNN2	51.05	445.48	81.25	1027.32	3300.12	9.75	18515.36	213.2575	6.835	159.09	367.37	130.155	72.33
VNN3	10.57	13.08	85.43	38.72	187.6	79.94	2232.47	37.55	19.735	53.3766666666667	33.305	44.78	31.615
VPREB3	404.26	89.7	335.23	155.1	136.16	89.87	157.96	111.355	110.735	119.033333333333	120.51	70.865	3185.085
WNT5B	48.96	10.62	11.65	10.98	15.98	12.39	15.95	10.615	116.27	185.463333333333	7.945	18.525	11.45
WNT7A	20.33	101.41	51.71	34.57	56.25	57.17	21.34	116.2	22.98	17.9866666666667	12.445	18.635	15.2
ZAP70	13.37	3230.54	1758.63	1422.38	38.06	185.48	70.05	3777.14	22.99	25.5166666666667	3276.975	31.2	13.26
ZBP1	450.65	149.29	144.08	106.92	24.54	143.71	269.62	111.5425	18.03	17.7166666666667	313.495	20.89	55.18
ZBTB10	95.56	99.88	4.25	179.03	62.01	144.63	20.32	376.415	425.275	120.666666666667	114.49	166.72	125.955
ZBTB32	12.93	27.84	112.59	29.82	10.53	57.76	12.28	62.2525	41.24	82.7633333333333	14.37	9.935	101.53
ZFP36L2	485.64	3227.83	2943.24	154.93	1341.52	311.98	517.34	1274.0725	328.335	208.21	589.06	44.335	792.74
ZNF135	11.4	64.56	3.23	42.87	3.86	99.1	1.93	36.605	5.35	17.7566666666667	115.075	19.305	55.3
ZNF165	74.3	3.19	5.93	4.9	2.67	5690.38	5.36	21.935	2.13	4.23	5.96	3.795	5.425
ZNF204P	41.08	151.96	83.76	129.6	29.91	65.49	27.49	165.47	30.86	29.1066666666667	34.99	32.05	60.415
ZNF222	11.69	71.91	10.03	13.84	19.86	346.56	26.83	67.5625	63.17	88.8233333333333	92.045	217.03	8.5
ZNF286A	73.88	218.23	136.87	246.5	11.04	7.47	441.31	120.98	147.925	23.81	212.355	51.835	534.885
ZNF324	21.17	32.01	63.47	45.38	28.71	35.29	35.42	144.7525	24.545	58.9966666666667	43.92	37.99	25.835
ZNF442	19.39	32.11	47.39	180.86	12.3	40.3	20.16	16.49	72.155	46.5333333333333	31.36	41.36	21.08
